avg_dep_delay_min,pct_departure_late
21.18496110630942,49.611063094209165
