load_bin,mean_difficult,mean_ssr_dense,corr_ssr_dense_difficult
"(39.999, 566.0]",0.15948275862068967,0.0,
"(566.0, 808.0]",0.12915129151291513,0.0,
"(808.0, 1433.0]",0.14560099132589838,0.0,
"(1433.0, 1815.0]",0.14356435643564355,0.0,
"(1815.0, 4282.0]",0.15626930203829525,0.0,
